Seller,Seller Rating,Seller Percentage,Price,Prime,Condition,Shipping Details,Delivery,Seller URL,,
Amazon.com,,,$179.95 ,Amazon Prime TM,New, FREE Shipping ,,,,
WhoIsCamera,5,99% positive,$179.95 ,Amazon Prime TM,New, FREE Shipping ,Fulfillment by Amazon,https://www.amazon.com/gp/aag/main/ref=olp_merch_name_2/132-3462859-0431904?ie=UTF8&asin=B01DQ2B8UY&isAmazonFulfilled=1&seller=A31XFWIZ8OBB8L,,
Amazon Warehouse,,,$152.21 ,Amazon Prime TM,OpenBox-LikeNew, FREE Shipping ,Fulfillment by Amazon,https://www.amazon.com/shops/A2L77EE7U53NWQ/ref=olp_merch_name_3/132-3462859-0431904,,
Dainty Baby,5,99% positive,$179.95 ,,New, FREE Shipping,Ships from United States.,https://www.amazon.com/gp/aag/main/ref=olp_merch_name_4/132-3462859-0431904?ie=UTF8&asin=B01DQ2B8UY&isAmazonFulfilled=0&seller=ACLTKGABRJW3F,,
nyBabyStore,5,96% positive,$179.95 ,,New, FREE Shipping,"Ships from NY, United States.",https://www.amazon.com/gp/aag/main/ref=olp_merch_name_5/132-3462859-0431904?ie=UTF8&asin=B01DQ2B8UY&isAmazonFulfilled=0&seller=A09199483MA9R1JR5J3CK,,
Healthcheck Systems Inc,4,77% positive,$179.95 ,,New, FREE Shipping,"Ships from NY, United States.",https://www.amazon.com/gp/aag/main/ref=olp_merch_name_6/132-3462859-0431904?ie=UTF8&asin=B01DQ2B8UY&isAmazonFulfilled=0&seller=A2AD3LSP8VX07O,,
Pokkadots,5,97% positive,$199.95 ,,New, FREE Shipping,,https://www.amazon.com/gp/aag/main/ref=olp_merch_name_7/132-3462859-0431904?ie=UTF8&asin=B01DQ2B8UY&isAmazonFulfilled=0&seller=A223V7MDM46AX6,,
Global Supplies NY,4.5,92% positive,$230.34 ,,New, FREE Shipping,"Ships from NY, United States.",https://www.amazon.com/gp/aag/main/ref=olp_merch_name_8/132-3462859-0431904?ie=UTF8&asin=B01DQ2B8UY&isAmazonFulfilled=0&seller=A31PYNRLHYACO0,,
DrÎ˜PAir,4.5,91% positive,$241.79 ,,New, FREE Shipping,"Ships from FL, United States.",https://www.amazon.com/gp/aag/main/ref=olp_merch_name_9/132-3462859-0431904?ie=UTF8&asin=B01DQ2B8UY&isAmazonFulfilled=0&seller=A16D32JEZGRUJA,,
MODERN EDGE EMPORIUM,4.5,84% positive,$401.39 ,,New, FREE Shipping,"Ships from FL, United States.",https://www.amazon.com/gp/aag/main/ref=olp_merch_name_10/132-3462859-0431904?ie=UTF8&asin=B01DQ2B8UY&isAmazonFulfilled=0&seller=A2UNH0HRY1VSIB,,
